1695181239.1726344_HamThuThiem6_B_1_55.png,1
1695181247.3543973_HamThuThiem6_B_1_50.png,1
1695181249.3786926_HamThuThiem6_A_1_60.png,0
1695181693.0684292_LyThuongKiet1_C_2_26.png,2
1695181693.3878553_LyThuongKiet1_C_2_26.png,2
1695181693.5914857_LyThuongKiet1_A_1_40.png,0
1695181694.1098607_LyThuongKiet1_C_2_26.png,2
1695181694.725089_LyThuongKiet1_C_3_25.png,2
1695181697.0468457_LyThuongKiet1_C_2_30.png,2
1695181697.479869_LyThuongKiet1_C_2_25.png,2
1695181698.3100455_LyThuongKiet2_A_1_35.png,0
1695181699.911887_LyThuongKiet2_C_2_20.png,2
1695181702.0457268_LyThuongKiet2_C_1_30.png,2
1695181702.2144628_LyThuongKiet2_C_2_25.png,2
1695181702.800593_LyThuongKiet2_C_2_25.png,2
1695181703.061631_LyThuongKiet2_B_2_25.png,1
1695181703.401688_LyThuongKiet2_A_1_40.png,0
1695181703.9593_LyThuongKiet2_B_2_30.png,1
1695181704.5437853_LyThuongKiet2_B_2_25.png,1
1695181704.8678048_LyThuongKiet2_C_1_30.png,2
1695181705.0372615_LyThuongKiet2_C_3_25.png,2
1695181705.2912068_LyThuongKiet2_C_2_25.png,2
1695181705.4765377_LyThuongKiet2_A_1_40.png,0
1695181706.0078342_LyThuongKiet2_A_0_35.png,0
1695181706.192098_LyThuongKiet2_A_1_40.png,0
1695181706.4492512_LyThuongKiet2_A_1_35.png,0
1695181706.6109595_LyThuongKiet2_B_2_25.png,1
1695181707.3078327_LyThuongKiet2_C_2_26.png,2
1695181707.7245276_LyThuongKiet2_C_1_30.png,2
1695181709.583088_LyThuongKiet2_B_2_35.png,1
1695181710.125118_LyThuongKiet2_B_2_35.png,1
1695181710.302567_LyThuongKiet2_A_1_40.png,0
1695181710.5881402_LyThuongKiet2_B_1_35.png,1
1695181710.7632608_LyThuongKiet2_A_1_35.png,0
1695181710.9596672_LyThuongKiet2_B_1_35.png,1
1695181711.2958276_LyThuongKiet2_A_1_35.png,0
1695181711.9250672_LyThuongKiet2_C_2_25.png,2
1695181712.879594_LyThuongKiet2_C_2_25.png,2
1695181713.0981643_LyThuongKiet2_D_1_23.png,3
1695181713.327851_LyThuongKiet2_C_3_25.png,2
1695181713.7112682_LyThuongKiet2_C_2_26.png,2
1695181714.6050537_LyThuongKiet2_C_1_30.png,2
1695181715.569431_LyThuongKiet2_C_3_25.png,2
1695181716.3643754_LyThuongKiet2_B_2_30.png,1
1695181716.5347173_LyThuongKiet2_B_1_35.png,1
1695181716.6958356_LyThuongKiet2_C_2_25.png,2
1695181716.8585975_LyThuongKiet2_B_2_25.png,1
1695181717.4531_LyThuongKiet2_B_2_35.png,1
1695181717.7987525_LyThuongKiet2_C_2_25.png,2
1695181718.1280177_LyThuongKiet2_D_3_30.png,3
1695181718.9185972_LyThuongKiet2_C_2_25.png,2
1695181719.0941837_LyThuongKiet2_C_2_30.png,2
1695181719.2682943_LyThuongKiet2_C_2_26.png,2
1695181719.5355814_LyThuongKiet2_B_2_30.png,1
1695181720.05445_LyThuongKiet2_D_2_22.png,3
1695181721.781417_LyThuongKiet2_C_2_30.png,2
1695181722.1267064_LyThuongKiet2_D_3_25.png,3
1695181722.3149858_LyThuongKiet2_D_2_22.png,3
1695181722.6751676_LyThuongKiet2_C_3_25.png,2
1695181722.927463_LyThuongKiet2_C_1_30.png,2
1695181723.2757897_LyThuongKiet2_A_1_35.png,0
1695181723.6504884_LyThuongKiet3_B_2_30.png,1
1695181724.0589075_LyThuongKiet3_C_2_25.png,2
1695181724.5924368_LyThuongKiet3_A_0_35.png,0
1695181724.764544_LyThuongKiet3_C_1_30.png,2
1695181724.9377358_LyThuongKiet3_C_2_25.png,2
1695181725.7164683_LyThuongKiet3_B_2_30.png,1
1695181726.5663714_LyThuongKiet3_A_1_35.png,0
1695181726.7501802_LyThuongKiet3_B_1_35.png,1
1695181726.9195814_LyThuongKiet3_B_1_35.png,1
1695181727.1017091_LyThuongKiet3_B_2_25.png,1
1695181728.0499685_LyThuongKiet3_C_1_30.png,2
1695181728.9086714_LyThuongKiet3_E_3_20.png,4
1695181729.0641787_LyThuongKiet3_C_2_25.png,2
1695181729.413762_LyThuongKiet3_C_2_30.png,2
1695181729.8667772_LyThuongKiet3_C_1_30.png,2
1695181730.0680711_LyThuongKiet3_C_2_26.png,2
1695181730.7193973_LyThuongKiet3_A_0_35.png,0
1695181730.911416_LyThuongKiet3_A_1_35.png,0
1695181731.494335_LyThuongKiet3_B_1_35.png,1
1695181731.906931_LyThuongKiet3_A_1_40.png,0
1695181732.2771785_LyThuongKiet3_B_1_25.png,1
1695181732.4488814_LyThuongKiet3_B_1_35.png,1
1695181733.174872_LyThuongKiet3_C_2_20.png,2
1695181733.3473933_LyThuongKiet3_A_1_35.png,0
1695181733.5373623_LyThuongKiet3_B_2_35.png,1
1695181733.733742_LyThuongKiet3_C_2_25.png,2
1695181734.4812562_LyThuongKiet3_A_0_35.png,0
1695181735.223752_LyThuongKiet3_B_2_25.png,1
1695181736.1803536_LyThuongKiet3_B_2_30.png,1
1695181736.3652825_LyThuongKiet3_B_2_35.png,1
1695181737.081866_LyThuongKiet3_B_2_30.png,1
1695181737.9562862_LyThuongKiet3_D_2_22.png,3
1695181738.1377392_LyThuongKiet3_C_2_20.png,2
1695181738.4874837_LyThuongKiet3_B_2_30.png,1
1695181739.3920226_LyThuongKiet3_B_2_30.png,1
1695181739.5888023_LyThuongKiet3_C_1_35.png,2
1695181739.7581952_LyThuongKiet3_C_2_20.png,2
1695181739.934932_LyThuongKiet3_B_2_35.png,1
1695181740.1130295_LyThuongKiet3_B_2_35.png,1
1695181740.2819932_LyThuongKiet3_A_1_40.png,0
1695181740.4739077_LyThuongKiet3_A_1_35.png,0
1695181740.661253_LyThuongKiet3_B_2_30.png,1
1695181741.0833871_LyThuongKiet3_A_1_40.png,0
1695181741.295504_LyThuongKiet3_B_2_30.png,1
1695181742.0223434_LyThuongKiet3_B_2_25.png,1
1695181742.2144926_LyThuongKiet3_C_3_25.png,2
1695181742.5663893_LyThuongKiet3_A_0_35.png,0
1695181742.9002736_LyThuongKiet3_A_1_40.png,0
1695181743.0916247_LyThuongKiet3_B_2_35.png,1
1695181743.4318206_LyThuongKiet3_B_2_30.png,1
1695181743.8114748_LyThuongKiet3_B_2_35.png,1
1695181743.9891043_LyThuongKiet3_A_1_40.png,0
1695181744.3669705_LyThuongKiet3_A_1_40.png,0
1695181744.5202205_LyThuongKiet3_B_1_35.png,1
1695181744.684817_LyThuongKiet3_A_1_35.png,0
1695181745.055096_LyThuongKiet3_A_1_35.png,0
1695181745.2250535_LyThuongKiet3_A_1_35.png,0
1695181745.489707_LyThuongKiet3_A_1_35.png,0
1695181745.8753004_LyThuongKiet3_A_1_40.png,0
1695181746.083546_LyThuongKiet3_A_1_35.png,0
1695181746.2789903_LyThuongKiet3_A_1_40.png,0
1695181746.7444296_LyThuongKiet3_B_1_35.png,1
1695181747.1381106_LyThuongKiet3_A_0_35.png,0
1695183504.4973202_XaLoHaNoi1_A_0_45.png,0
1695183507.165123_XaLoHaNoi1_A_1_45.png,0
1695183509.3064022_XaLoHaNoi1_C_1_35.png,2
1695183509.4707956_XaLoHaNoi1_C_1_35.png,2
1695183509.956974_XaLoHaNoi1_A_1_45.png,0
1695183510.1975884_XaLoHaNoi1_B_2_40.png,1
1695183512.9751623_XaLoHaNoi1_A_1_45.png,0
1695183517.3157883_XaLoHaNoi1_A_1_45.png,0
1695183520.9149532_XaLoHaNoi1_A_1_45.png,0
1695183521.4855163_XaLoHaNoi1_A_1_45.png,0
1695183522.261032_XaLoHaNoi1_A_0_45.png,0
1695183524.5854325_XaLoHaNoi1_C_1_36.png,2
1695183525.3150315_XaLoHaNoi1_A_1_45.png,0
1695183528.2859662_XaLoHaNoi1_A_1_45.png,0
1695183529.0936632_XaLoHaNoi1_A_1_45.png,0
1695183530.2269258_XaLoHaNoi1_A_1_45.png,0
1695183531.6351497_XaLoHaNoi1_C_1_35.png,2
1695183532.2296383_XaLoHaNoi1_A_1_45.png,0
1695183532.3865767_XaLoHaNoi1_A_1_45.png,0
1695183533.2930734_XaLoHaNoi1_A_1_45.png,0
1695183536.8541558_XaLoHaNoi1_A_1_45.png,0
1695183539.9043593_XaLoHaNoi1_A_1_45.png,0
1695183540.0767837_XaLoHaNoi1_A_1_45.png,0
1695183541.109622_XaLoHaNoi1_A_1_45.png,0
1695183544.0043337_XaLoHaNoi1_A_1_45.png,0
1695183544.1704423_XaLoHaNoi1_A_1_45.png,0
1695183544.77412_XaLoHaNoi1_A_1_45.png,0
1695739975.4199944_CauDienBienPhu_VongXoay1_C_3_30.jpg,2
1695740031.0409448_CauDienBienPhu_VongXoay1_B_2_35.jpg,1
1695740046.8134382_CauDienBienPhu_VongXoay1_C_3_30.jpg,2
1695740052.391745_CauDienBienPhu_VongXoay1_C_3_30.jpg,2
1695740072.9147217_CauDienBienPhu_VongXoay1_D_4_20.jpg,3
1695740088.8551466_CauDienBienPhu_VongXoay1_D_3_20.jpg,3
1695740107.8644912_CauDienBienPhu_VongXoay1_B_2_35.jpg,1
1695740121.090077_CauDienBienPhu_VongXoay1_C_3_30.jpg,2
1695740123.7036257_CauDienBienPhu_VongXoay1_C_3_30.jpg,2
1695740133.3236115_CauDienBienPhu_VongXoay1_C_4_25.jpg,2
1695740134.6016371_CauDienBienPhu_VongXoay1_D_4_20.jpg,3
1695740141.535958_CauDienBienPhu_VongXoay1_D_3_20.jpg,3
1695740162.5857165_CauDienBienPhu_VongXoay1_C_4_30.jpg,2
1695740165.271589_CauDienBienPhu_VongXoay1_D_4_20.jpg,3
1695740168.0371237_CauDienBienPhu_VongXoay1_D_4_20.jpg,3
1695740169.1645133_CauDienBienPhu_VongXoay1_D_4_15.jpg,3
1695740170.8142297_CauDienBienPhu_VongXoay1_D_4_18.jpg,3
1695740178.7444084_CauDienBienPhu_VongXoay1_C_4_25.jpg,2
1695740181.7301896_CauDienBienPhu_VongXoay1_C_4_22.jpg,2
1695740184.000163_CauDienBienPhu_VongXoay1_C_3_25.jpg,2
1695740187.486687_CauDienBienPhu_VongXoay1_D_4_20.jpg,3
1695740189.875195_CauDienBienPhu_VongXoay1_C_4_22.jpg,2
1695740195.7709956_CauDienBienPhu_VongXoay1_C_4_25.jpg,2
1695740196.5748599_CauDienBienPhu_VongXoay1_D_4_15.jpg,3
1695740197.4539034_CauDienBienPhu_VongXoay1_C_4_22.jpg,2
1695740197.9299152_CauDienBienPhu_VongXoay1_C_4_25.jpg,2
1695740198.1766055_CauDienBienPhu_VongXoay1_C_4_22.jpg,2
1695740198.6735334_CauDienBienPhu_VongXoay1_D_4_17.jpg,3
1695740199.3905315_CauDienBienPhu_VongXoay1_C_4_25.jpg,2
1695740199.651962_CauDienBienPhu_VongXoay1_D_4_20.jpg,3
1695740199.8581243_CauDienBienPhu_VongXoay1_C_4_30.jpg,2
1695740200.3641741_CauDienBienPhu_VongXoay1_B_3_35.jpg,1
1695740200.6312475_CauDienBienPhu_VongXoay1_C_3_28.jpg,2
1695740200.8570955_CauDienBienPhu_VongXoay1_D_4_20.jpg,3
1695740201.1197405_CauDienBienPhu_VongXoay1_C_4_25.jpg,2
1695740201.790013_CauDienBienPhu_VongXoay1_C_4_30.jpg,2
1695740202.0256708_CauDienBienPhu_VongXoay1_C_4_25.jpg,2
1695740202.4983737_CauDienBienPhu_VongXoay1_D_4_20.jpg,3
1695740203.448343_CauDienBienPhu_VongXoay1_C_4_25.jpg,2
1695740205.4311323_CauDienBienPhu_VongXoay1_B_3_35.jpg,1
1695740206.602141_CauDienBienPhu_VongXoay1_C_3_30.jpg,2
1695740207.712794_CauDienBienPhu_VongXoay1_B_3_35.jpg,1
1695740210.1353629_CauDienBienPhu_VongXoay1_D_4_20.jpg,3
1695740211.1416156_CauDienBienPhu_VongXoay1_C_4_33.jpg,2
1695740212.6740048_CauDienBienPhu_VongXoay1_D_4_20.jpg,3
1695740216.8844626_CauDienBienPhu_VongXoay1_C_4_25.jpg,2
1695740226.8146415_CauDienBienPhu_VongXoay1_B_4_35.jpg,1
1695740240.0451581_CauDienBienPhu_VongXoay1_C_3_30.jpg,2
1695740241.2322621_CauDienBienPhu_VongXoay1_C_3_30.jpg,2
1695740246.2524643_CauDienBienPhu_VongXoay1_B_3_35.jpg,1
1695740253.0367389_CauDienBienPhu_VongXoay1_B_2_35.jpg,1
1695740255.2162578_CauDienBienPhu_VongXoay1_C_2_30.jpg,2
1695740271.2989604_CauDienBienPhu_VongXoay1_B_2_35.jpg,1
1695740281.007769_CauDienBienPhu_VongXoay1_D_3_20.jpg,3
1695740292.1264875_CauDienBienPhu_VongXoay1_B_4_35.jpg,1
1695740300.621908_CauDienBienPhu_VongXoay1_B_3_35.jpg,1
1695740303.4906662_CauDienBienPhu_VongXoay1_B_3_35.jpg,1
1695740305.7826185_CauDienBienPhu_VongXoay1_B_3_35.jpg,1
1695740308.342017_CauDienBienPhu_VongXoay1_C_3_30.jpg,2
1695740311.883638_CauDienBienPhu_VongXoay1_B_3_35.jpg,1
1695740314.683489_CauDienBienPhu_VongXoay1_B_3_35.jpg,1
1695740321.6099837_CauDienBienPhu_VongXoay1_C_4_30.jpg,2
1695740327.1438127_CauDienBienPhu_VongXoay1_D_4_20.jpg,3
1695740333.2345638_CauDienBienPhu_VongXoay1_C_4_30.jpg,2
1695740336.1367278_CauDienBienPhu_VongXoay1_C_4_30.jpg,2
1695740342.0410924_CauDienBienPhu_VongXoay1_D_4_20.jpg,3
1695740345.0702007_CauDienBienPhu_VongXoay1_D_4_20.jpg,3
1695740349.4336076_CauDienBienPhu_VongXoay1_B_3_35.jpg,1
1695740352.8346736_CauDienBienPhu_VongXoay1_A_3_35.jpg,0
1695740358.9705162_CauDienBienPhu_VongXoay1_B_3_35.jpg,1
1695740363.5513785_CauDienBienPhu_VongXoay1_C_3_30.jpg,2
1695740375.7460952_CauDienBienPhu_VongXoay1_C_3_30.jpg,2
1695740382.872907_CauDienBienPhu_VongXoay1_B_3_35.jpg,1
1695740384.167698_CauDienBienPhu_VongXoay1_B_2_35.jpg,1
1695740385.7220495_CauDienBienPhu_VongXoay1_C_3_25.jpg,2
1695740387.5229957_CauDienBienPhu_VongXoay1_D_3_20.jpg,3
1695740388.6228957_CauDienBienPhu_VongXoay1_C_4_25.jpg,2
1695740390.018799_CauDienBienPhu_VongXoay1_C_4_30.jpg,2
1695740391.2868173_CauDienBienPhu_VongXoay1_C_4_30.jpg,2
1695740393.158519_CauDienBienPhu_VongXoay1_C_4_22.jpg,2
1695740394.0288303_CauDienBienPhu_VongXoay1_C_4_25.jpg,2
1695740400.0235226_CauDienBienPhu_VongXoay1_C_4_30.jpg,2
1695740402.4878585_CauDienBienPhu_VongXoay1_C_4_30.jpg,2
1695740405.4153812_CauDienBienPhu_VongXoay1_D_4_18.jpg,3
1695740413.7277744_CauDienBienPhu_VongXoay1_D_4_18.jpg,3
1695740416.5226583_CauDienBienPhu_VongXoay1_C_4_25.jpg,2
1695740417.5346444_CauDienBienPhu_VongXoay1_D_4_17.jpg,3
1695740421.6128874_CauDienBienPhu_VongXoay1_C_4_25.jpg,2
1695740432.3943942_CauDienBienPhu_VongXoay1_C_4_30.jpg,2
1695740435.4516618_CauDienBienPhu_VongXoay1_C_4_30.jpg,2
1695740438.1940897_CauDienBienPhu_VongXoay1_D_4_20.jpg,3
1695740442.8654187_CauDienBienPhu_VongXoay1_D_4_20.jpg,3
1695740444.6725652_CauDienBienPhu_VongXoay1_C_4_30.jpg,2
1695740451.1046543_CauDienBienPhu_VongXoay1_C_4_25.jpg,2
1695740453.1225224_CauDienBienPhu_VongXoay1_C_4_21.jpg,2
1695740455.7747364_CauDienBienPhu_VongXoay1_D_4_18.jpg,3
1695740456.9867032_CauDienBienPhu_VongXoay1_D_4_15.jpg,3
1695740460.3389726_CauDienBienPhu_VongXoay1_D_4_15.jpg,3
1695740463.3180177_CauDienBienPhu_VongXoay1_D_4_20.jpg,3
1695740465.591497_CauDienBienPhu_VongXoay1_D_4_18.jpg,3
1695740467.2756999_CauDienBienPhu_VongXoay1_C_4_22.jpg,2
1695740468.3739104_CauDienBienPhu_VongXoay1_D_4_15.jpg,3
1695740468.9969583_CauDienBienPhu_VongXoay1_D_4_15.jpg,3
1695740471.1094837_CauDienBienPhu_VongXoay1_C_4_22.jpg,2
1695740474.2490666_CauDienBienPhu_VongXoay1_D_4_18.jpg,3
1695740478.381188_CauDienBienPhu_VongXoay1_C_4_22.jpg,2
1695740479.2705107_CauDienBienPhu_VongXoay1_D_4_15.jpg,3
1695740479.8257344_CauDienBienPhu_VongXoay1_C_4_20.jpg,2
1695740480.6699276_CauDienBienPhu_VongXoay1_E_4_10.jpg,4
1695740482.212228_CauDienBienPhu_VongXoay1_D_4_18.jpg,3
1695740484.0021975_CauDienBienPhu_VongXoay1_C_4_25.jpg,2
1695740485.081076_CauDienBienPhu_VongXoay1_D_4_15.jpg,3
1695740485.5578682_CauDienBienPhu_VongXoay1_C_4_20.jpg,2
1695740557.7157295_CauDienBienPhu_VongXoay2_C_2_31.jpg,2
1695740557.8085496_CauDienBienPhu_VongXoay2_B_1_35.jpg,1
1695740557.9006217_CauDienBienPhu_VongXoay2_B_1_35.jpg,1
1695740557.99519_CauDienBienPhu_VongXoay2_B_1_34.jpg,1
1695740558.0876927_CauDienBienPhu_VongXoay2_B_1_34.jpg,1
1695740558.186482_CauDienBienPhu_VongXoay2_B_1_34.jpg,1
1695740558.6502638_CauDienBienPhu_VongXoay2_A_0_36.jpg,0
1695740558.8521442_CauDienBienPhu_VongXoay2_A_0_38.jpg,0
1695740558.94746_CauDienBienPhu_VongXoay2_B_1_32.jpg,1
1695740559.3623903_CauDienBienPhu_VongXoay2_B_1_35.jpg,1
1695740559.7022295_CauDienBienPhu_VongXoay2_B_1_33.jpg,1
1695740559.796897_CauDienBienPhu_VongXoay2_B_1_34.jpg,1
1695740559.9737413_CauDienBienPhu_VongXoay2_B_1_34.jpg,1
1695740560.8830798_CauDienBienPhu_VongXoay2_B_1_33.jpg,1
1695740561.1151936_CauDienBienPhu_VongXoay2_B_1_34.jpg,1
1695740561.328464_CauDienBienPhu_VongXoay2_B_1_34.jpg,1
1695740561.9603548_CauDienBienPhu_VongXoay2_A_0_37.jpg,0
1695740563.2994466_CauDienBienPhu_VongXoay2_A_0_45.jpg,0
1695740563.8214571_CauDienBienPhu_VongXoay2_A_0_37.jpg,0
1695740564.191586_CauDienBienPhu_VongXoay2_B_1_35.jpg,1
1695740564.4260657_CauDienBienPhu_VongXoay2_A_0_37.jpg,0
1695740565.5272899_CauDienBienPhu_VongXoay2_A_0_37.jpg,0
1695740566.5448582_CauDienBienPhu_VongXoay2_B_1_35.jpg,1
1695740568.0670702_CauDienBienPhu_VongXoay2_A_0_44.jpg,0
1695740572.3045602_CauDienBienPhu_VongXoay2_B_1_35.jpg,1
1695740575.1792395_CauDienBienPhu_VongXoay2_A_0_39.jpg,0
1695740579.8314574_CauDienBienPhu_VongXoay2_A_0_39.jpg,0
1695740582.0363982_CauDienBienPhu_VongXoay2_A_0_40.jpg,0
1695740582.1575558_CauDienBienPhu_VongXoay2_A_0_42.jpg,0
1695740582.24316_CauDienBienPhu_VongXoay2_A_0_40.jpg,0
1695740582.3342283_CauDienBienPhu_VongXoay2_A_0_40.jpg,0
1695740582.5148003_CauDienBienPhu_VongXoay2_A_0_40.jpg,0
1695740582.8010187_CauDienBienPhu_VongXoay2_B_1_34.jpg,1
1695740582.8991883_CauDienBienPhu_VongXoay2_B_1_30.jpg,1
1695740582.9949417_CauDienBienPhu_VongXoay2_B_1_34.jpg,1
1695740583.286887_CauDienBienPhu_VongXoay2_A_0_35.jpg,0
1695740583.3773127_CauDienBienPhu_VongXoay2_A_0_37.jpg,0
1695740583.7561677_CauDienBienPhu_VongXoay2_B_1_35.jpg,1
1695740583.9525945_CauDienBienPhu_VongXoay2_B_1_35.jpg,1
1695740584.060336_CauDienBienPhu_VongXoay2_A_0_36.jpg,0
1695740584.1594994_CauDienBienPhu_VongXoay2_B_1_34.jpg,1
1695740584.3564084_CauDienBienPhu_VongXoay2_A_0_40.jpg,0
1695740584.4561331_CauDienBienPhu_VongXoay2_B_1_34.jpg,1
1695740584.664197_CauDienBienPhu_VongXoay2_B_1_33.jpg,1
1695740584.963014_CauDienBienPhu_VongXoay2_D_3_20.jpg,3
1695740585.2582302_CauDienBienPhu_VongXoay2_B_1_34.jpg,1
1695740585.5544941_CauDienBienPhu_VongXoay2_B_1_32.jpg,1
1695740585.6950169_CauDienBienPhu_VongXoay2_B_1_35.jpg,1
1695740586.1703918_CauDienBienPhu_VongXoay2_B_1_35.jpg,1
1695740586.3732018_CauDienBienPhu_VongXoay2_B_1_34.jpg,1
1695740586.5743418_CauDienBienPhu_VongXoay2_B_1_32.jpg,1
1695740586.7818017_CauDienBienPhu_VongXoay2_B_1_33.jpg,1
1695740587.1268752_CauDienBienPhu_VongXoay2_C_2_32.jpg,2
1695740587.234179_CauDienBienPhu_VongXoay2_C_2_30.jpg,2
1695740587.5113723_CauDienBienPhu_VongXoay2_C_2_30.jpg,2
1695740587.6066263_CauDienBienPhu_VongXoay2_C_2_29.jpg,2
1695740587.7051287_CauDienBienPhu_VongXoay2_C_2_27.jpg,2
1695740587.8214993_CauDienBienPhu_VongXoay2_C_2_30.jpg,2
1695740587.9224315_CauDienBienPhu_VongXoay2_B_1_34.jpg,1
1695740588.02313_CauDienBienPhu_VongXoay2_B_1_33.jpg,1
1695740588.116621_CauDienBienPhu_VongXoay2_C_2_31.jpg,2
1695740588.2228115_CauDienBienPhu_VongXoay2_B_1_35.jpg,1
1695740588.4740674_CauDienBienPhu_VongXoay2_A_0_37.jpg,0
1695740588.565963_CauDienBienPhu_VongXoay2_A_0_38.jpg,0
1695740588.6583948_CauDienBienPhu_VongXoay2_A_0_45.jpg,0
1695740588.753122_CauDienBienPhu_VongXoay2_A_0_43.jpg,0
1695740588.8496437_CauDienBienPhu_VongXoay2_A_0_46.jpg,0
1695740589.3124843_CauDienBienPhu_VongXoay2_A_0_40.jpg,0
1695740589.5120127_CauDienBienPhu_VongXoay2_A_0_40.jpg,0
1695740589.6100345_CauDienBienPhu_VongXoay2_B_1_35.jpg,1
1695740589.887705_CauDienBienPhu_VongXoay2_B_1_32.jpg,1
1695740589.9854977_CauDienBienPhu_VongXoay2_B_1_35.jpg,1
1695740590.28439_CauDienBienPhu_VongXoay2_A_0_35.jpg,0
1695740590.387425_CauDienBienPhu_VongXoay2_B_1_34.jpg,1
1695740590.4840798_CauDienBienPhu_VongXoay2_B_1_36.jpg,1
1695740590.5854342_CauDienBienPhu_VongXoay2_B_1_34.jpg,1
1695740590.6883495_CauDienBienPhu_VongXoay2_B_1_35.jpg,1
1695740590.7951012_CauDienBienPhu_VongXoay2_C_2_31.jpg,2
1695740590.8916085_CauDienBienPhu_VongXoay2_B_1_32.jpg,1
1695740590.9924514_CauDienBienPhu_VongXoay2_C_2_30.jpg,2
1695740591.2481933_CauDienBienPhu_VongXoay2_B_1_33.jpg,1
1695740591.6897268_CauDienBienPhu_VongXoay2_C_2_29.jpg,2
1695740592.1875577_CauDienBienPhu_VongXoay2_C_2_30.jpg,2
1695740592.9322073_CauDienBienPhu_VongXoay2_C_2_31.jpg,2
1695740593.2453532_CauDienBienPhu_VongXoay2_C_2_28.jpg,2
1695740593.5296772_CauDienBienPhu_VongXoay2_C_2_31.jpg,2
1695740593.943985_CauDienBienPhu_VongXoay2_C_2_29.jpg,2
1695740594.3551862_CauDienBienPhu_VongXoay2_D_3_20.jpg,3
1695740594.9686823_CauDienBienPhu_VongXoay2_D_3_19.jpg,3
1695740595.6514912_CauDienBienPhu_VongXoay2_D_3_20.jpg,3
1695740595.9302611_CauDienBienPhu_VongXoay2_D_3_20.jpg,3
1695740596.5037282_CauDienBienPhu_VongXoay2_C_2_30.jpg,2
1695740597.0055394_CauDienBienPhu_VongXoay2_D_3_20.jpg,3
1695740597.2371638_CauDienBienPhu_VongXoay2_D_3_20.jpg,3
1695740597.5222223_CauDienBienPhu_VongXoay2_D_3_20.jpg,3
1695740598.672966_CauDienBienPhu_VongXoay2_B_1_34.jpg,1
1695740599.023934_CauDienBienPhu_VongXoay2_A_0_39.jpg,0
1695740600.2261636_CauDienBienPhu_VongXoay2_B_1_35.jpg,1
1695740603.4818077_CauDienBienPhu_VongXoay2_A_0_42.jpg,0
1695740604.4098203_CauDienBienPhu_VongXoay2_A_0_43.jpg,0
1695740604.732662_CauDienBienPhu_VongXoay2_A_0_37.jpg,0
1695740605.075592_CauDienBienPhu_VongXoay2_A_0_50.jpg,0
1695740605.3463328_CauDienBienPhu_VongXoay2_A_0_40.jpg,0
1695740605.5665019_CauDienBienPhu_VongXoay2_A_0_40.jpg,0
1695740605.7592523_CauDienBienPhu_VongXoay2_A_0_46.jpg,0
1695740605.855804_CauDienBienPhu_VongXoay2_B_1_35.jpg,1
1695740605.9493463_CauDienBienPhu_VongXoay2_B_1_35.jpg,1
1695740606.042769_CauDienBienPhu_VongXoay2_B_1_34.jpg,1
1695740606.162372_CauDienBienPhu_VongXoay2_B_1_34.jpg,1
1695740606.2724514_CauDienBienPhu_VongXoay2_B_1_34.jpg,1
1695740606.3652403_CauDienBienPhu_VongXoay2_C_2_32.jpg,2
1695740606.472451_CauDienBienPhu_VongXoay2_B_1_35.jpg,1
1695740606.5667846_CauDienBienPhu_VongXoay2_B_1_33.jpg,1
1695740606.6626892_CauDienBienPhu_VongXoay2_C_2_31.jpg,2
1695740606.8522074_CauDienBienPhu_VongXoay2_A_0_39.jpg,0
1695740606.9438312_CauDienBienPhu_VongXoay2_A_0_35.jpg,0
1695740607.1253598_CauDienBienPhu_VongXoay2_A_0_42.jpg,0
1695740607.2102757_CauDienBienPhu_VongXoay2_A_0_43.jpg,0
1695740607.3087797_CauDienBienPhu_VongXoay2_A_0_40.jpg,0
1695740607.4151084_CauDienBienPhu_VongXoay2_A_0_37.jpg,0
1695740607.5410972_CauDienBienPhu_VongXoay2_A_0_36.jpg,0
1695740607.6415675_CauDienBienPhu_VongXoay2_A_0_37.jpg,0
1695740607.7353384_CauDienBienPhu_VongXoay2_A_0_40.jpg,0
1695740607.8354244_CauDienBienPhu_VongXoay2_A_0_40.jpg,0
1695740608.0490541_CauDienBienPhu_VongXoay2_A_0_40.jpg,0
1695740608.1587236_CauDienBienPhu_VongXoay2_A_0_36.jpg,0
1695740608.3973627_CauDienBienPhu_VongXoay2_B_1_34.jpg,1
1695740608.6083732_CauDienBienPhu_VongXoay2_C_2_29.jpg,2
1695740608.9148421_CauDienBienPhu_VongXoay2_B_1_33.jpg,1
1695740609.0190582_CauDienBienPhu_VongXoay2_B_1_35.jpg,1
1695740609.5945792_CauDienBienPhu_VongXoay2_B_1_34.jpg,1
1695740610.2341413_CauDienBienPhu_VongXoay2_B_1_35.jpg,1
1695740610.3624566_CauDienBienPhu_VongXoay2_B_1_35.jpg,1
1695740610.4807892_CauDienBienPhu_VongXoay2_B_1_34.jpg,1
1695740610.624365_CauDienBienPhu_VongXoay2_A_0_36.jpg,0
1695740610.774951_CauDienBienPhu_VongXoay2_B_1_36.jpg,1
1695740610.9028604_CauDienBienPhu_VongXoay2_B_1_34.jpg,1
1695740611.019761_CauDienBienPhu_VongXoay2_B_1_34.jpg,1
1695740611.1272113_CauDienBienPhu_VongXoay2_B_1_35.jpg,1
1695740611.2529607_CauDienBienPhu_VongXoay2_B_1_35.jpg,1
1695740611.4516048_CauDienBienPhu_VongXoay2_B_1_35.jpg,1
1695740611.5505471_CauDienBienPhu_VongXoay2_B_1_35.jpg,1
1695740611.6522398_CauDienBienPhu_VongXoay2_B_1_35.jpg,1
1695740611.8160946_CauDienBienPhu_VongXoay2_B_1_31.jpg,1
1695740611.9751227_CauDienBienPhu_VongXoay2_A_0_40.jpg,0
1695740612.1186304_CauDienBienPhu_VongXoay2_A_0_39.jpg,0
1695740612.382093_CauDienBienPhu_VongXoay2_A_0_38.jpg,0
1695740612.497782_CauDienBienPhu_VongXoay2_B_1_35.jpg,1
1695740612.6202574_CauDienBienPhu_VongXoay2_B_1_32.jpg,1
1695740612.7509592_CauDienBienPhu_VongXoay2_A_0_36.jpg,0
1695740612.8695343_CauDienBienPhu_VongXoay2_B_1_35.jpg,1
1695740612.986174_CauDienBienPhu_VongXoay2_A_0_37.jpg,0
1695740613.102891_CauDienBienPhu_VongXoay2_B_1_32.jpg,1
1695740613.2204092_CauDienBienPhu_VongXoay2_B_1_34.jpg,1
1695740613.3838444_CauDienBienPhu_VongXoay2_B_1_35.jpg,1
1695740613.8610759_CauDienBienPhu_VongXoay2_C_2_31.jpg,2
1695740614.1017704_CauDienBienPhu_VongXoay2_C_2_27.jpg,2
1695740614.340678_CauDienBienPhu_VongXoay2_B_1_34.jpg,1
1695740614.441826_CauDienBienPhu_VongXoay2_B_1_35.jpg,1
1695740614.5763423_CauDienBienPhu_VongXoay2_C_2_30.jpg,2
1695740614.8829055_CauDienBienPhu_VongXoay2_B_1_34.jpg,1
1695740615.1184974_CauDienBienPhu_VongXoay2_B_1_35.jpg,1
1695740615.2877018_CauDienBienPhu_VongXoay2_B_1_34.jpg,1
1695740615.431815_CauDienBienPhu_VongXoay2_B_1_34.jpg,1
1695740615.7099562_CauDienBienPhu_VongXoay2_B_1_35.jpg,1
1695740615.988553_CauDienBienPhu_VongXoay2_B_1_35.jpg,1
1695740616.5972726_CauDienBienPhu_VongXoay2_C_2_30.jpg,2
1695740616.8066316_CauDienBienPhu_VongXoay2_B_1_35.jpg,1
1695740616.940325_CauDienBienPhu_VongXoay2_B_1_36.jpg,1
1695740617.092308_CauDienBienPhu_VongXoay2_B_1_35.jpg,1
1695740617.2067204_CauDienBienPhu_VongXoay2_B_1_35.jpg,1
1695740617.3657022_CauDienBienPhu_VongXoay2_B_1_34.jpg,1
1695740617.9400375_CauDienBienPhu_VongXoay2_A_0_38.jpg,0
1695740618.212688_CauDienBienPhu_VongXoay2_B_1_34.jpg,1
1695740618.4807584_CauDienBienPhu_VongXoay2_A_0_50.jpg,0
1695740618.6555357_CauDienBienPhu_VongXoay2_A_0_50.jpg,0
1695740618.8823392_CauDienBienPhu_VongXoay2_A_0_50.jpg,0
1695740619.3356123_CauDienBienPhu_VongXoay2_A_0_45.jpg,0
1695740619.6819782_CauDienBienPhu_VongXoay2_A_0_55.jpg,0
1695740620.0260057_CauDienBienPhu_VongXoay2_A_0_43.jpg,0
1695740620.2210016_CauDienBienPhu_VongXoay2_A_0_43.jpg,0
1695740620.50008_CauDienBienPhu_VongXoay2_A_0_45.jpg,0
1695740620.939897_CauDienBienPhu_VongXoay2_A_0_45.jpg,0
1695740621.075548_CauDienBienPhu_VongXoay2_A_0_39.jpg,0
1695740621.207528_CauDienBienPhu_VongXoay2_A_0_40.jpg,0
1695740621.3341053_CauDienBienPhu_VongXoay2_B_1_34.jpg,1
1695740621.4609194_CauDienBienPhu_VongXoay2_B_1_32.jpg,1
1695740621.5700288_CauDienBienPhu_VongXoay2_A_0_36.jpg,0
1695740621.6846662_CauDienBienPhu_VongXoay2_B_1_35.jpg,1
1695740621.8151171_CauDienBienPhu_VongXoay2_A_0_37.jpg,0
1695740621.9485667_CauDienBienPhu_VongXoay2_A_0_37.jpg,0
1695740622.0765557_CauDienBienPhu_VongXoay2_A_0_42.jpg,0
1695740622.210944_CauDienBienPhu_VongXoay2_A_0_36.jpg,0
1695740622.34973_CauDienBienPhu_VongXoay2_A_0_40.jpg,0
1695740622.4892998_CauDienBienPhu_VongXoay2_A_0_38.jpg,0
1695740622.618266_CauDienBienPhu_VongXoay2_A_0_40.jpg,0
1695740622.7621317_CauDienBienPhu_VongXoay2_A_0_35.jpg,0
1695740622.878489_CauDienBienPhu_VongXoay2_A_0_40.jpg,0
1695740622.9943428_CauDienBienPhu_VongXoay2_B_1_35.jpg,1
1695740623.102087_CauDienBienPhu_VongXoay2_C_2_30.jpg,2
1695740623.3015585_CauDienBienPhu_VongXoay2_B_1_33.jpg,1
1695740623.397312_CauDienBienPhu_VongXoay2_B_1_32.jpg,1
1695740623.5886846_CauDienBienPhu_VongXoay2_B_1_37.jpg,1
1695740623.6792018_CauDienBienPhu_VongXoay2_B_1_31.jpg,1
1695740623.762457_CauDienBienPhu_VongXoay2_B_1_33.jpg,1
1695740623.8490095_CauDienBienPhu_VongXoay2_B_1_35.jpg,1
1695740623.9354424_CauDienBienPhu_VongXoay2_C_2_21.jpg,2
1695740624.0345435_CauDienBienPhu_VongXoay2_B_1_35.jpg,1
1695740624.1215358_CauDienBienPhu_VongXoay2_B_1_40.jpg,1
1695740624.2050698_CauDienBienPhu_VongXoay2_A_0_40.jpg,0
1695740624.2909963_CauDienBienPhu_VongXoay2_A_0_38.jpg,0
1695740624.4232824_CauDienBienPhu_VongXoay2_B_1_36.jpg,1
1695740624.502342_CauDienBienPhu_VongXoay2_B_1_35.jpg,1
1695740624.5906222_CauDienBienPhu_VongXoay2_A_0_40.jpg,0
1695740624.8362694_CauDienBienPhu_VongXoay2_B_1_33.jpg,1
1695740624.9172204_CauDienBienPhu_VongXoay2_B_1_32.jpg,1
1695740625.0095649_CauDienBienPhu_VongXoay2_B_1_33.jpg,1
1695740625.0907393_CauDienBienPhu_VongXoay2_A_0_40.jpg,0
1695740625.172912_CauDienBienPhu_VongXoay2_B_1_34.jpg,1
1695740625.2563515_CauDienBienPhu_VongXoay2_B_1_35.jpg,1
1695740625.3492541_CauDienBienPhu_VongXoay2_B_1_34.jpg,1
1695740625.434399_CauDienBienPhu_VongXoay2_C_2_30.jpg,2
1695740625.5318606_CauDienBienPhu_VongXoay2_C_2_30.jpg,2
1695740625.6272457_CauDienBienPhu_VongXoay2_C_2_23.jpg,2
1695740625.7616377_CauDienBienPhu_VongXoay2_C_2_30.jpg,2
1695740625.8503387_CauDienBienPhu_VongXoay2_C_2_28.jpg,2
1695740625.9369285_CauDienBienPhu_VongXoay2_C_2_30.jpg,2
1695740626.0339732_CauDienBienPhu_VongXoay2_D_3_20.jpg,3
1695740626.190207_CauDienBienPhu_VongXoay2_C_2_27.jpg,2
1695740626.37266_CauDienBienPhu_VongXoay2_B_1_30.jpg,1
1695740626.4688754_CauDienBienPhu_VongXoay2_C_2_27.jpg,2
1695740626.5629485_CauDienBienPhu_VongXoay2_B_1_34.jpg,1
1695740626.6525533_CauDienBienPhu_VongXoay2_B_1_33.jpg,1
1695740626.7418306_CauDienBienPhu_VongXoay2_B_1_32.jpg,1
1695740626.8315573_CauDienBienPhu_VongXoay2_B_1_35.jpg,1
1695740626.9162648_CauDienBienPhu_VongXoay2_B_1_35.jpg,1
1695740627.0093176_CauDienBienPhu_VongXoay2_B_1_32.jpg,1
1695740627.2174947_CauDienBienPhu_VongXoay2_C_2_30.jpg,2
1695740627.3106525_CauDienBienPhu_VongXoay2_C_2_30.jpg,2
1695740627.3927498_CauDienBienPhu_VongXoay2_B_1_29.jpg,1
1695740627.4714096_CauDienBienPhu_VongXoay2_C_2_25.jpg,2
1695740627.5544822_CauDienBienPhu_VongXoay2_B_1_35.jpg,1
1695740627.6388485_CauDienBienPhu_VongXoay2_B_1_34.jpg,1
1695740627.7240205_CauDienBienPhu_VongXoay2_C_2_20.jpg,2
1695740627.8090038_CauDienBienPhu_VongXoay2_C_2_30.jpg,2
1695740627.9048645_CauDienBienPhu_VongXoay2_A_0_37.jpg,0
1695740627.9949532_CauDienBienPhu_VongXoay2_B_1_36.jpg,1
1695740628.1808512_CauDienBienPhu_VongXoay2_B_1_33.jpg,1
1695740628.2672305_CauDienBienPhu_VongXoay2_B_1_35.jpg,1
1695740628.3565545_CauDienBienPhu_VongXoay2_C_2_30.jpg,2
1695740628.526857_CauDienBienPhu_VongXoay2_B_1_32.jpg,1
1695740628.707354_CauDienBienPhu_VongXoay2_C_2_30.jpg,2
1695740628.8709464_CauDienBienPhu_VongXoay2_B_1_34.jpg,1
1695740629.0907402_CauDienBienPhu_VongXoay2_B_1_32.jpg,1
1695740629.1981468_CauDienBienPhu_VongXoay2_B_1_35.jpg,1
1695740629.2905383_CauDienBienPhu_VongXoay2_B_1_35.jpg,1
1695740629.3887506_CauDienBienPhu_VongXoay2_B_1_33.jpg,1
1695740629.5015554_CauDienBienPhu_VongXoay2_C_2_27.jpg,2
1695740629.6053288_CauDienBienPhu_VongXoay2_B_1_35.jpg,1
1695740629.715107_CauDienBienPhu_VongXoay2_B_1_35.jpg,1
1695740630.0340889_CauDienBienPhu_VongXoay2_B_1_35.jpg,1
1695740630.2785754_CauDienBienPhu_VongXoay2_B_1_35.jpg,1
1695740630.4962564_CauDienBienPhu_VongXoay2_B_1_35.jpg,1
1695740630.7960575_CauDienBienPhu_VongXoay2_B_1_35.jpg,1
1695740631.3339267_CauDienBienPhu_VongXoay2_B_1_35.jpg,1
1695740631.616802_CauDienBienPhu_VongXoay2_B_1_32.jpg,1
1695740632.2464676_CauDienBienPhu_VongXoay2_B_1_35.jpg,1
1695740632.62497_CauDienBienPhu_VongXoay2_C_2_22.jpg,2
1695740633.1178744_CauDienBienPhu_VongXoay2_B_1_33.jpg,1
1695740633.6357093_CauDienBienPhu_VongXoay2_B_1_35.jpg,1
1695740634.360123_CauDienBienPhu_VongXoay2_D_3_20.jpg,3
1695740634.9495559_CauDienBienPhu_VongXoay2_C_2_23.jpg,2
1695740635.8549683_CauDienBienPhu_VongXoay2_C_2_27.jpg,2
1695740636.2714286_CauDienBienPhu_VongXoay2_B_1_35.jpg,1
1695740636.857504_CauDienBienPhu_VongXoay2_C_2_30.jpg,2
1695740637.3291914_CauDienBienPhu_VongXoay2_C_2_29.jpg,2
1695740637.9541411_CauDienBienPhu_VongXoay2_C_2_25.jpg,2
1695740638.604657_CauDienBienPhu_VongXoay2_C_2_26.jpg,2
1695740639.517598_CauDienBienPhu_VongXoay2_C_2_30.jpg,2
1695740640.244208_CauDienBienPhu_VongXoay2_C_2_28.jpg,2
1695740641.7912297_CauDienBienPhu_VongXoay2_C_2_23.jpg,2
1695740642.625007_CauDienBienPhu_VongXoay2_B_1_35.jpg,1
1695740644.5370545_CauDienBienPhu_VongXoay2_B_1_35.jpg,1
1695740645.1526587_CauDienBienPhu_VongXoay2_B_1_31.jpg,1
1695740646.0215995_CauDienBienPhu_VongXoay2_B_1_35.jpg,1
1695740646.2707977_CauDienBienPhu_VongXoay2_C_2_25.jpg,2
1695740646.9753442_CauDienBienPhu_VongXoay2_B_1_32.jpg,1
1695740647.2817574_CauDienBienPhu_VongXoay2_C_2_23.jpg,2
1695740647.5761406_CauDienBienPhu_VongXoay2_A_0_37.jpg,0
1695740647.7830882_CauDienBienPhu_VongXoay2_A_0_37.jpg,0
1695740648.010169_CauDienBienPhu_VongXoay2_A_0_40.jpg,0
1695740648.2364426_CauDienBienPhu_VongXoay2_A_0_42.jpg,0
1695740648.856072_CauDienBienPhu_VongXoay2_A_0_45.jpg,0
1695740649.080987_CauDienBienPhu_VongXoay2_A_0_42.jpg,0
1695740649.3539991_CauDienBienPhu_VongXoay2_B_1_35.jpg,1
1695740649.518085_CauDienBienPhu_VongXoay2_B_1_35.jpg,1
1695740649.6530323_CauDienBienPhu_VongXoay2_A_0_37.jpg,0
1695740649.7976234_CauDienBienPhu_VongXoay2_A_1_40.jpg,0
1695740649.9697516_CauDienBienPhu_VongXoay2_A_0_35.jpg,0
1695740650.2255785_CauDienBienPhu_VongXoay2_A_0_35.jpg,0
1695740650.4081466_CauDienBienPhu_VongXoay2_B_1_35.jpg,1
1695740650.796205_CauDienBienPhu_VongXoay2_C_2_30.jpg,2
1695740650.9354424_CauDienBienPhu_VongXoay2_C_2_25.jpg,2
1695740651.2394316_CauDienBienPhu_VongXoay2_C_2_28.jpg,2
1695740651.344317_CauDienBienPhu_VongXoay2_C_2_30.jpg,2
1695740651.4582748_CauDienBienPhu_VongXoay2_B_1_30.jpg,1
1695740651.6404834_CauDienBienPhu_VongXoay2_A_0_35.jpg,0
1695740651.79474_CauDienBienPhu_VongXoay2_B_1_34.jpg,1
1695740651.9415565_CauDienBienPhu_VongXoay2_B_1_35.jpg,1
1695740652.2208397_CauDienBienPhu_VongXoay2_C_2_28.jpg,2
1695740652.3411539_CauDienBienPhu_VongXoay2_B_1_27.jpg,1
1695740652.4517436_CauDienBienPhu_VongXoay2_A_0_35.jpg,0
1695740652.552309_CauDienBienPhu_VongXoay2_C_2_24.jpg,2
1695740652.6556683_CauDienBienPhu_VongXoay2_B_1_30.jpg,1
1695740652.7727294_CauDienBienPhu_VongXoay2_B_1_35.jpg,1
1695740652.8883169_CauDienBienPhu_VongXoay2_A_0_35.jpg,0
1695740652.9974213_CauDienBienPhu_VongXoay2_B_1_35.jpg,1
1695740653.122307_CauDienBienPhu_VongXoay2_B_1_30.jpg,1
1695740653.270688_CauDienBienPhu_VongXoay2_B_1_35.jpg,1
1695740653.3909962_CauDienBienPhu_VongXoay2_B_1_32.jpg,1
1695740653.5063777_CauDienBienPhu_VongXoay2_B_1_30.jpg,1
1695740653.6649294_CauDienBienPhu_VongXoay2_B_1_35.jpg,1
1695740653.7978063_CauDienBienPhu_VongXoay2_A_0_40.jpg,0
1695740653.918997_CauDienBienPhu_VongXoay2_A_0_40.jpg,0
1695740654.0459626_CauDienBienPhu_VongXoay2_B_1_35.jpg,1
1695740654.1625745_CauDienBienPhu_VongXoay2_C_2_29.jpg,2
1695740654.294935_CauDienBienPhu_VongXoay2_C_2_27.jpg,2
1695740654.4104924_CauDienBienPhu_VongXoay2_C_2_30.jpg,2
1695740654.5324292_CauDienBienPhu_VongXoay2_C_2_29.jpg,2
1695740654.6426542_CauDienBienPhu_VongXoay2_C_2_31.jpg,2
1695740654.7551417_CauDienBienPhu_VongXoay2_C_2_28.jpg,2
1695740654.8728662_CauDienBienPhu_VongXoay2_B_1_26.jpg,1
1695740654.9975858_CauDienBienPhu_VongXoay2_C_2_25.jpg,2
1695740655.188121_CauDienBienPhu_VongXoay2_C_2_25.jpg,2
1695740655.4619286_CauDienBienPhu_VongXoay2_B_1_33.jpg,1
1695740655.905951_CauDienBienPhu_VongXoay2_B_1_31.jpg,1
1695740656.01855_CauDienBienPhu_VongXoay2_C_2_30.jpg,2
1695740656.1183612_CauDienBienPhu_VongXoay2_C_2_31.jpg,2
1695740656.212885_CauDienBienPhu_VongXoay2_C_2_30.jpg,2
1695740656.4645603_CauDienBienPhu_VongXoay2_C_2_31.jpg,2
1695740656.5726533_CauDienBienPhu_VongXoay2_C_2_24.jpg,2
1695740656.6985009_CauDienBienPhu_VongXoay2_C_2_32.jpg,2
1695740656.805305_CauDienBienPhu_VongXoay2_C_2_26.jpg,2
1695740657.0438244_CauDienBienPhu_VongXoay2_A_0_37.jpg,0
1695740657.1673012_CauDienBienPhu_VongXoay2_A_0_38.jpg,0
1695740657.2822697_CauDienBienPhu_VongXoay2_A_0_40.jpg,0
1695740657.3943937_CauDienBienPhu_VongXoay2_A_0_39.jpg,0
1695740657.4998198_CauDienBienPhu_VongXoay2_A_0_39.jpg,0
1695740657.599868_CauDienBienPhu_VongXoay2_A_0_37.jpg,0
1695740657.705046_CauDienBienPhu_VongXoay2_A_0_38.jpg,0
1695740657.8241127_CauDienBienPhu_VongXoay2_B_1_36.jpg,1
1695740658.1282535_CauDienBienPhu_VongXoay2_A_0_37.jpg,0
1695740658.462642_CauDienBienPhu_VongXoay2_B_1_32.jpg,1
1695740658.9581642_CauDienBienPhu_VongXoay2_A_0_38.jpg,0
1695740659.3110142_CauDienBienPhu_VongXoay2_B_1_33.jpg,1
1695740660.0123112_CauDienBienPhu_VongXoay2_B_1_34.jpg,1
1695740660.2465818_CauDienBienPhu_VongXoay2_B_1_30.jpg,1
1695740660.5717478_CauDienBienPhu_VongXoay2_B_1_32.jpg,1
1695740660.7932625_CauDienBienPhu_VongXoay2_B_1_35.jpg,1
1695740661.1349986_CauDienBienPhu_VongXoay2_C_1_30.jpg,2
1695740661.5964346_CauDienBienPhu_VongXoay2_B_1_35.jpg,1
1695740661.9414558_CauDienBienPhu_VongXoay2_B_1_32.jpg,1
1695740662.4873323_CauDienBienPhu_VongXoay2_B_1_35.jpg,1
1695740662.7866125_CauDienBienPhu_VongXoay2_B_1_34.jpg,1
1695740663.2903936_CauDienBienPhu_VongXoay2_B_1_35.jpg,1
1695740664.0439563_CauDienBienPhu_VongXoay2_A_0_40.jpg,0
1695740664.430698_CauDienBienPhu_VongXoay2_B_1_33.jpg,1
1695740664.680259_CauDienBienPhu_VongXoay2_B_1_33.jpg,1
1695740665.6672676_CauDienBienPhu_VongXoay2_C_2_35.jpg,2
1695740666.1212418_CauDienBienPhu_VongXoay2_C_2_30.jpg,2
1695740667.1372457_CauDienBienPhu_VongXoay2_B_1_34.jpg,1
1695740667.739414_CauDienBienPhu_VongXoay2_B_1_30.jpg,1
1695740668.699492_CauDienBienPhu_VongXoay2_B_1_34.jpg,1
1695740669.2816837_CauDienBienPhu_VongXoay2_C_1_35.jpg,2
1695740671.3990738_CauDienBienPhu_VongXoay2_B_1_35.jpg,1
1695740672.2241604_CauDienBienPhu_VongXoay2_C_2_30.jpg,2
1695740672.4859853_CauDienBienPhu_VongXoay2_B_1_35.jpg,1
1695740672.584313_CauDienBienPhu_VongXoay2_B_1_30.jpg,1
1695740672.6754122_CauDienBienPhu_VongXoay2_C_2_26.jpg,2
1695740672.762691_CauDienBienPhu_VongXoay2_B_1_33.jpg,1
1695740672.859265_CauDienBienPhu_VongXoay2_B_1_35.jpg,1
1695740672.9614103_CauDienBienPhu_VongXoay2_A_0_37.jpg,0
1695740673.1556342_CauDienBienPhu_VongXoay2_B_1_30.jpg,1
1695740673.2647629_CauDienBienPhu_VongXoay2_B_1_36.jpg,1
1695740673.3639498_CauDienBienPhu_VongXoay2_B_1_32.jpg,1
1695740673.4611225_CauDienBienPhu_VongXoay2_A_0_35.jpg,0
1695740673.5739741_CauDienBienPhu_VongXoay2_A_0_35.jpg,0
1695740673.6789978_CauDienBienPhu_VongXoay2_B_1_26.jpg,1
1695740673.767702_CauDienBienPhu_VongXoay2_A_0_42.jpg,0
1695745148.4709554_XaLoHaNoi1_B_1_40.jpg,1
1695745180.5373201_XaLoHaNoi1_B_1_40.jpg,1
1695745253.4460924_XaLoHaNoi1_A_0_45.jpg,0
1695745270.604557_XaLoHaNoi1_B_1_40.jpg,1
1695745305.6148946_XaLoHaNoi1_C_1_35.jpg,2
1695745320.1518223_XaLoHaNoi1_A_0_45.jpg,0
1695745332.9975817_XaLoHaNoi1_B_1_35.jpg,1
1695745423.8890257_XaLoHaNoi1_C_1_35.jpg,2
1695745459.353158_XaLoHaNoi1_B_1_35.jpg,1
1695745489.5201108_XaLoHaNoi1_B_1_35.jpg,1
1695745492.975766_XaLoHaNoi1_A_1_40.jpg,0
1695745567.5315585_XaLoHaNoi1_C_1_35.jpg,2
1695745651.6126354_XaLoHaNoi1_B_1_35.jpg,1
1695745714.0955372_XaLoHaNoi1_A_0_45.jpg,0
1695745717.7210157_XaLoHaNoi1_A_0_45.jpg,0
1695745748.4544518_XaLoHaNoi1_B_1_40.jpg,1
1695745772.826672_XaLoHaNoi1_A_0_45.jpg,0
1695745802.511029_XaLoHaNoi1_C_1_35.jpg,2
1695745803.0049334_XaLoHaNoi1_A_1_40.jpg,0
1695745805.504028_XaLoHaNoi1_A_0_45.jpg,0
1695745807.7653606_XaLoHaNoi1_A_0_45.jpg,0
1695745808.1515841_XaLoHaNoi1_A_0_45.jpg,0
1695745809.7678638_XaLoHaNoi1_A_0_45.jpg,0
1695772183.7621455_LyThuongKiet2_B_2_30.jpg,1
1695772184.0195637_LyThuongKiet2_B_2_30.jpg,1
1695772184.8480122_LyThuongKiet2_B_1_35.jpg,1
1695772258.449859_LyThuongKiet3_B_1_35.jpg,1
1695772259.054205_LyThuongKiet3_B_2_35.jpg,1
1695772259.3834188_LyThuongKiet3_B_1_35.jpg,1
1695772264.1599872_LyThuongKiet3_B_1_35.jpg,1
1695772265.379563_LyThuongKiet3_B_1_35.jpg,1
1695772267.8535933_LyThuongKiet3_B_2_30.jpg,1
1695772269.4816527_LyThuongKiet3_B_2_30.jpg,1
1695772270.064258_LyThuongKiet3_B_1_35.jpg,1
1695772272.147628_LyThuongKiet3_B_1_35.jpg,1
1695772274.9594266_LyThuongKiet3_B_1_35.jpg,1
1695772282.0727136_LyThuongKiet4_B_2_30.jpg,1
1695772287.052355_LyThuongKiet4_B_1_35.jpg,1
1695772288.2351851_LyThuongKiet4_B_2_30.jpg,1
1695772290.259929_LyThuongKiet4_B_2_30.jpg,1
1695811403.473682_HamThuThiem1_B_1_35.jpg,1
1695811403.5606842_HamThuThiem1_C_2_23.jpg,2
1695811403.6296332_HamThuThiem1_D_2_20.jpg,3
1695811403.7021818_HamThuThiem1_B_2_27.jpg,1
1695811403.783487_HamThuThiem1_A_2_33.jpg,0
1695811403.8474188_HamThuThiem1_D_3_20.jpg,3
1695811403.9134548_HamThuThiem1_C_2_30.jpg,2
1695811403.9785972_HamThuThiem1_C_2_30.jpg,2
1695811404.0420918_HamThuThiem1_C_2_40.jpg,2
1695811404.1066875_HamThuThiem1_C_2_30.jpg,2
1695811404.1860263_HamThuThiem1_B_1_32.jpg,1
1695811404.245837_HamThuThiem1_D_2_30.jpg,3
1695811404.3080223_HamThuThiem1_B_2_27.jpg,1
1695811404.368378_HamThuThiem1_B_1_30.jpg,1
1695811404.431322_HamThuThiem1_C_2_26.jpg,2
1695811404.4939973_HamThuThiem1_D_2_25.jpg,3
1695811404.5572813_HamThuThiem1_C_2_40.jpg,2
1695811404.622606_HamThuThiem1_C_2_35.jpg,2
1695811404.6861706_HamThuThiem1_B_2_30.jpg,1
1695811404.7510977_HamThuThiem1_C_2_30.jpg,2
1695811404.88224_HamThuThiem1_C_2_27.jpg,2
1695811404.9435787_HamThuThiem1_C_2_30.jpg,2
1695811405.1342602_HamThuThiem1_B_2_27.jpg,1
1695811405.1979384_HamThuThiem1_B_2_27.jpg,1
1695811405.2620819_HamThuThiem1_B_1_30.jpg,1
1695811405.4862773_HamThuThiem1_C_2_35.jpg,2
1695811405.556957_HamThuThiem1_B_2_35.jpg,1
1695811405.6178136_HamThuThiem1_B_1_32.jpg,1
1695811405.68028_HamThuThiem1_A_1_35.jpg,0
1695811405.8067935_HamThuThiem1_A_1_40.jpg,0
1695811405.931524_HamThuThiem1_A_1_40.jpg,0
1695811406.0574117_HamThuThiem1_A_0_40.jpg,0
1695811406.1194496_HamThuThiem1_A_1_36.jpg,0
1695811406.181781_HamThuThiem1_B_1_33.jpg,1
1695811406.2434447_HamThuThiem1_A_1_37.jpg,0
1695811406.3045201_HamThuThiem1_B_1_40.jpg,1
1695811406.4308124_HamThuThiem1_A_1_37.jpg,0
1695811406.4974618_HamThuThiem1_C_2_27.jpg,2
1695811406.5617647_HamThuThiem1_C_2_30.jpg,2
1695811406.7518542_HamThuThiem1_C_2_26.jpg,2
1695811406.8787436_HamThuThiem1_B_1_35.jpg,1
1695811406.9395099_HamThuThiem1_B_2_27.jpg,1
1695811407.0859644_HamThuThiem1_B_1_35.jpg,1
1695811407.161753_HamThuThiem1_B_1_35.jpg,1
1695811407.293861_HamThuThiem1_B_2_27.jpg,1
1695811407.414848_HamThuThiem1_A_1_40.jpg,0
1695811407.4760308_HamThuThiem1_A_0_40.jpg,0
1695811407.5366738_HamThuThiem1_A_0_50.jpg,0
1695811407.5987659_HamThuThiem1_A_1_40.jpg,0
1695811407.6624343_HamThuThiem1_A_0_45.jpg,0
1695811407.723463_HamThuThiem1_A_1_37.jpg,0
1695811407.8537855_HamThuThiem1_A_1_40.jpg,0
1695811407.9164948_HamThuThiem1_A_0_40.jpg,0
1695811407.9793801_HamThuThiem1_A_0_50.jpg,0
1695811408.0408244_HamThuThiem1_A_0_45.jpg,0
1695811408.1027281_HamThuThiem1_C_1_40.jpg,2
1695811408.1621056_HamThuThiem1_B_1_45.jpg,1
1695811408.2261372_HamThuThiem1_B_2_27.jpg,1
1695811408.2938724_HamThuThiem1_A_0_40.jpg,0
1695811408.3647225_HamThuThiem1_A_1_37.jpg,0
1695811408.4371393_HamThuThiem1_A_0_40.jpg,0
1695811408.5069284_HamThuThiem1_A_0_40.jpg,0
1695811408.6390488_HamThuThiem1_A_0_60.jpg,0
1695811408.702421_HamThuThiem1_A_0_60.jpg,0
1695811408.7607412_HamThuThiem1_A_0_60.jpg,0
1695811408.8256855_HamThuThiem1_A_0_45.jpg,0
1695811408.8894935_HamThuThiem1_A_0_40.jpg,0
1695811408.951425_HamThuThiem1_A_0_45.jpg,0
1695811409.0192137_HamThuThiem1_A_0_45.jpg,0
1695811409.0933921_HamThuThiem1_A_1_40.jpg,0
1695811409.1640558_HamThuThiem1_A_1_36.jpg,0
1695811409.2337067_HamThuThiem1_A_0_60.jpg,0
1695811409.3019512_HamThuThiem1_A_0_50.jpg,0
1695811409.3664267_HamThuThiem1_A_0_40.jpg,0
1695811409.4247186_HamThuThiem1_B_1_30.jpg,1
1695811409.4862344_HamThuThiem1_A_1_40.jpg,0
1695811409.5495727_HamThuThiem1_A_0_40.jpg,0
1695811409.6094801_HamThuThiem1_A_0_40.jpg,0
1695811409.6697037_HamThuThiem1_A_1_40.jpg,0
1695811409.759972_HamThuThiem1_B_1_35.jpg,1
1695811409.8836167_HamThuThiem1_A_1_40.jpg,0
1695811410.0024772_HamThuThiem1_A_1_40.jpg,0
1695811410.0620797_HamThuThiem1_B_1_35.jpg,1
1695811410.250321_HamThuThiem1_A_0_45.jpg,0
1695811410.3164685_HamThuThiem1_A_1_37.jpg,0
1695811410.3807883_HamThuThiem1_A_2_33.jpg,0
1695811410.4436016_HamThuThiem1_B_1_36.jpg,1
1695811410.5094218_HamThuThiem1_D_3_23.jpg,3
1695811410.5697992_HamThuThiem1_C_3_33.jpg,2
1695811410.6316478_HamThuThiem1_D_3_23.jpg,3
1695811410.6918254_HamThuThiem1_C_2_27.jpg,2
1695811410.7525554_HamThuThiem1_C_2_26.jpg,2
1695811410.8243852_HamThuThiem1_C_2_30.jpg,2
1695811410.8962705_HamThuThiem1_C_2_26.jpg,2
1695811410.9734316_HamThuThiem1_D_3_20.jpg,3
1695811411.044353_HamThuThiem1_E_3_15.jpg,4
1695811411.1143262_HamThuThiem1_D_3_23.jpg,3
1695811411.191458_HamThuThiem1_C_2_27.jpg,2
1695811411.2581544_HamThuThiem1_C_2_32.jpg,2
1695811411.321611_HamThuThiem1_E_4_30.jpg,4
1695811411.383446_HamThuThiem1_C_2_23.jpg,2
1695811411.445907_HamThuThiem1_C_3_33.jpg,2
1695811411.509485_HamThuThiem1_C_2_32.jpg,2
1695811411.5736969_HamThuThiem1_C_2_32.jpg,2
1695811411.635779_HamThuThiem1_C_2_30.jpg,2
1695811411.6987379_HamThuThiem1_B_1_33.jpg,1
1695811411.8310165_HamThuThiem1_B_1_40.jpg,1
1695811411.9035387_HamThuThiem1_B_1_40.jpg,1
1695811411.9979856_HamThuThiem1_A_1_45.jpg,0
1695811412.1797717_HamThuThiem1_A_1_45.jpg,0
1695811412.313586_HamThuThiem1_A_1_36.jpg,0
1695811412.3756163_HamThuThiem1_A_0_45.jpg,0
1695811412.4436243_HamThuThiem1_A_1_40.jpg,0
1695811412.5108085_HamThuThiem1_B_1_32.jpg,1
1695811412.5721655_HamThuThiem1_A_1_40.jpg,0
1695811412.6340961_HamThuThiem1_A_0_45.jpg,0
1695811412.6944978_HamThuThiem1_A_1_36.jpg,0
1695811412.7633324_HamThuThiem1_A_1_35.jpg,0
1695811412.8902318_HamThuThiem1_B_1_35.jpg,1
1695811412.9637766_HamThuThiem1_C_2_28.jpg,2
1695811413.0299811_HamThuThiem1_A_1_40.jpg,0
1695811413.0925043_HamThuThiem1_D_3_30.jpg,3
1695811413.2147892_HamThuThiem1_B_1_36.jpg,1
1695811413.2775826_HamThuThiem1_C_2_30.jpg,2
1695811413.3426948_HamThuThiem1_C_2_26.jpg,2
1695811413.4090495_HamThuThiem1_C_2_30.jpg,2
1695811413.4820385_HamThuThiem1_E_3_30.jpg,4
1695811413.5471084_HamThuThiem1_B_1_35.jpg,1
1695811413.6090133_HamThuThiem1_D_3_35.jpg,3
1695811413.669215_HamThuThiem1_C_2_32.jpg,2
1695811413.7302856_HamThuThiem1_B_1_30.jpg,1
1695811413.7939134_HamThuThiem1_B_2_37.jpg,1
1695811413.9184704_HamThuThiem1_A_0_45.jpg,0
1695811413.9952254_HamThuThiem1_A_0_45.jpg,0
1695811414.0587158_HamThuThiem1_A_1_37.jpg,0
1695811414.1213017_HamThuThiem1_B_1_40.jpg,1
1695811414.1875753_HamThuThiem1_B_2_27.jpg,1
1695811414.2553325_HamThuThiem1_B_1_30.jpg,1
1695811414.3243237_HamThuThiem1_A_0_45.jpg,0
1695811414.4072304_HamThuThiem1_A_1_40.jpg,0
1695811414.6765113_HamThuThiem1_B_1_30.jpg,1
1695811414.744194_HamThuThiem1_A_1_37.jpg,0
1695811414.8084207_HamThuThiem1_A_1_45.jpg,0
1695811414.8683183_HamThuThiem1_A_0_45.jpg,0
1695811414.9323916_HamThuThiem1_A_1_36.jpg,0
1695811414.9944131_HamThuThiem1_A_0_40.jpg,0
1695811415.05977_HamThuThiem1_A_0_55.jpg,0
1695811415.2475328_HamThuThiem1_A_0_60.jpg,0
1695811415.3410106_HamThuThiem1_A_0_60.jpg,0
1695811415.417887_HamThuThiem1_A_0_40.jpg,0
1695811415.561757_HamThuThiem1_A_0_50.jpg,0
1695811415.639777_HamThuThiem1_A_0_45.jpg,0
1695811415.7086186_HamThuThiem1_B_1_40.jpg,1
1695811415.7766063_HamThuThiem1_A_1_45.jpg,0
1695811415.8436997_HamThuThiem1_A_1_40.jpg,0
1695811415.9091501_HamThuThiem1_A_0_45.jpg,0
1695811415.9749048_HamThuThiem1_A_0_45.jpg,0
1695811416.1194227_HamThuThiem1_A_0_50.jpg,0
1695811416.1918266_HamThuThiem1_A_0_45.jpg,0
1695811416.260339_HamThuThiem1_A_0_55.jpg,0
1695811416.3259323_HamThuThiem1_A_1_45.jpg,0
1695811416.3895876_HamThuThiem1_A_1_45.jpg,0
1695811416.5141811_HamThuThiem1_C_2_30.jpg,2
1695811416.593704_HamThuThiem1_B_1_37.jpg,1
1695811416.663688_HamThuThiem1_B_1_35.jpg,1
1695811416.7260544_HamThuThiem1_A_0_50.jpg,0
1695811416.7935758_HamThuThiem1_A_0_50.jpg,0
1695811416.8599946_HamThuThiem1_A_0_55.jpg,0
1695811416.9244585_HamThuThiem1_A_0_50.jpg,0
1695811416.9934654_HamThuThiem1_A_0_55.jpg,0
1695811417.0597832_HamThuThiem1_A_0_45.jpg,0
1695811417.13029_HamThuThiem1_A_0_60.jpg,0
1695811417.1962423_HamThuThiem1_A_0_50.jpg,0
1695811417.2610378_HamThuThiem1_A_0_50.jpg,0
1695811417.3274062_HamThuThiem1_A_1_40.jpg,0
1695811417.3913014_HamThuThiem1_A_1_40.jpg,0
1695811417.454299_HamThuThiem1_B_1_35.jpg,1
1695811417.5191734_HamThuThiem1_A_1_37.jpg,0
1695811417.5848064_HamThuThiem1_B_2_27.jpg,1
1695811417.6558568_HamThuThiem1_A_0_50.jpg,0
1695811417.7268498_HamThuThiem1_A_0_60.jpg,0
1695811417.7924147_HamThuThiem1_A_0_60.jpg,0
1695811417.8569815_HamThuThiem1_A_0_55.jpg,0
1695811417.9236403_HamThuThiem1_A_1_40.jpg,0
1695811418.059479_HamThuThiem1_A_1_45.jpg,0
1695811418.124994_HamThuThiem1_A_0_50.jpg,0
1695811418.193606_HamThuThiem1_A_1_40.jpg,0
1695811418.2587926_HamThuThiem1_A_0_50.jpg,0
1695811418.3267758_HamThuThiem1_A_0_55.jpg,0
1695811418.393264_HamThuThiem1_A_0_45.jpg,0
1695811418.4608176_HamThuThiem1_A_0_60.jpg,0
1695811418.5258367_HamThuThiem1_B_1_40.jpg,1
1695811418.5923676_HamThuThiem1_C_2_30.jpg,2
1695811418.6634_HamThuThiem1_C_2_30.jpg,2
1695811418.7295744_HamThuThiem1_A_1_37.jpg,0
1695811418.7965028_HamThuThiem1_A_0_60.jpg,0
1695811418.8626928_HamThuThiem1_A_0_60.jpg,0
1695811418.9286253_HamThuThiem1_A_0_60.jpg,0
1695811419.0597777_HamThuThiem1_A_1_40.jpg,0
1695811419.1955905_HamThuThiem1_B_1_40.jpg,1
1695811419.2610154_HamThuThiem1_B_1_40.jpg,1
1695811419.327723_HamThuThiem1_C_2_30.jpg,2
1695811419.3917034_HamThuThiem1_D_3_27.jpg,3
1695811419.4565299_HamThuThiem1_B_1_36.jpg,1
1695811419.520401_HamThuThiem1_D_3_27.jpg,3
1695811419.587585_HamThuThiem1_C_2_27.jpg,2
1695811419.6560187_HamThuThiem1_B_1_40.jpg,1
1695811419.7204456_HamThuThiem1_B_2_27.jpg,1
1695811419.7835362_HamThuThiem1_B_2_27.jpg,1
1695811419.8578992_HamThuThiem1_B_1_32.jpg,1
1695811419.9245563_HamThuThiem1_A_2_33.jpg,0
1695811420.0020485_HamThuThiem1_B_2_27.jpg,1
1695811420.0694258_HamThuThiem1_B_1_40.jpg,1
1695811420.1334093_HamThuThiem1_B_1_30.jpg,1
1695811420.1994665_HamThuThiem1_A_0_50.jpg,0
1695811420.2660682_HamThuThiem1_C_2_30.jpg,2
1695811420.3287082_HamThuThiem1_B_1_40.jpg,1
1695811420.3910863_HamThuThiem1_A_1_40.jpg,0
1695811420.5174248_HamThuThiem1_A_1_45.jpg,0
1695811420.5901465_HamThuThiem1_A_2_33.jpg,0
1695811420.6553557_HamThuThiem1_C_2_30.jpg,2
1695811420.7210345_HamThuThiem1_C_2_30.jpg,2
1695811420.78635_HamThuThiem1_B_1_35.jpg,1
1695811420.850203_HamThuThiem1_C_2_30.jpg,2
1695811420.922099_HamThuThiem1_C_2_30.jpg,2
1695811421.0103524_HamThuThiem1_C_3_27.jpg,2
1695811421.183699_HamThuThiem1_B_1_35.jpg,1
1695811421.2747946_HamThuThiem1_C_2_27.jpg,2
1695811421.3426788_HamThuThiem1_C_2_35.jpg,2
1695811421.4215505_HamThuThiem1_C_2_30.jpg,2
1695811421.4850733_HamThuThiem1_C_2_27.jpg,2
1695811421.6124687_HamThuThiem1_D_3_30.jpg,3
1695811421.7094474_HamThuThiem1_C_2_27.jpg,2
1695811421.7895138_HamThuThiem1_C_2_40.jpg,2
1695811421.8562062_HamThuThiem1_B_1_40.jpg,1
1695811421.9219034_HamThuThiem1_B_2_40.jpg,1
1695811421.9923875_HamThuThiem1_B_2_27.jpg,1
1695811422.05599_HamThuThiem1_B_2_27.jpg,1
1695811422.1248908_HamThuThiem1_A_1_45.jpg,0
1695811422.1904845_HamThuThiem1_A_1_40.jpg,0
1695811422.2583306_HamThuThiem1_B_1_37.jpg,1
1695811422.3217206_HamThuThiem1_B_2_27.jpg,1
1695811422.3821852_HamThuThiem1_A_0_60.jpg,0
1695811422.4451618_HamThuThiem1_A_0_55.jpg,0
1695811422.516256_HamThuThiem1_B_2_35.jpg,1
1695811422.5833397_HamThuThiem1_D_2_26.jpg,3
1695811422.6516173_HamThuThiem1_B_1_36.jpg,1
1695811422.7177737_HamThuThiem1_D_3_20.jpg,3
1695811422.788992_HamThuThiem1_C_3_33.jpg,2
1695811422.8502328_HamThuThiem1_C_2_35.jpg,2
1695811422.9139187_HamThuThiem1_E_3_30.jpg,4
1695811422.9856625_HamThuThiem1_B_1_32.jpg,1
1695811423.0537298_HamThuThiem1_B_1_40.jpg,1
1695811423.1286092_HamThuThiem1_C_2_26.jpg,2
1695811423.278345_HamThuThiem1_B_2_40.jpg,1
1695811423.3388963_HamThuThiem1_A_1_45.jpg,0
1695811423.3984509_HamThuThiem1_A_1_40.jpg,0
1695811423.4576807_HamThuThiem1_A_1_37.jpg,0
1695811423.516918_HamThuThiem1_B_2_35.jpg,1
1695811423.5964935_HamThuThiem1_B_1_40.jpg,1
1695811423.6633615_HamThuThiem1_A_0_50.jpg,0
1695811423.7347426_HamThuThiem1_A_0_60.jpg,0
1695811423.804703_HamThuThiem1_A_0_60.jpg,0
1695811423.868124_HamThuThiem1_A_0_50.jpg,0
1695811423.9300396_HamThuThiem1_A_0_60.jpg,0
1695811423.991838_HamThuThiem1_A_0_40.jpg,0
1695811424.0543463_HamThuThiem1_A_0_55.jpg,0
1695811424.1155853_HamThuThiem1_A_0_60.jpg,0
1695811424.1796274_HamThuThiem1_A_0_55.jpg,0
1695811424.2517226_HamThuThiem1_A_0_60.jpg,0
1695811424.317583_HamThuThiem1_A_0_60.jpg,0
1695811424.3797245_HamThuThiem1_A_1_40.jpg,0
1695811424.4438097_HamThuThiem1_A_1_36.jpg,0
1695811424.5096629_HamThuThiem1_A_0_45.jpg,0
1695811424.6341226_HamThuThiem1_B_1_36.jpg,1
1695811424.6975148_HamThuThiem1_A_2_33.jpg,0
1695811424.762062_HamThuThiem1_B_1_40.jpg,1
1695811424.8220794_HamThuThiem1_A_0_45.jpg,0
1695811424.8863244_HamThuThiem1_A_0_50.jpg,0
1695811425.0107968_HamThuThiem1_A_0_40.jpg,0
1695811425.071445_HamThuThiem1_B_1_30.jpg,1
1695811425.133503_HamThuThiem1_D_3_30.jpg,3
1695811425.2642245_HamThuThiem1_C_3_20.jpg,2
1695811425.332087_HamThuThiem1_D_2_40.jpg,3
1695811425.3953326_HamThuThiem1_D_3_27.jpg,3
1695811425.4574986_HamThuThiem1_D_3_23.jpg,3
1695811425.519437_HamThuThiem1_B_2_27.jpg,1
1695811425.581393_HamThuThiem1_C_3_27.jpg,2
1695811425.704122_HamThuThiem1_B_1_30.jpg,1
1695811425.7671068_HamThuThiem1_A_1_35.jpg,0
1695811425.8295264_HamThuThiem1_B_1_32.jpg,1
1695811425.8937645_HamThuThiem1_C_2_30.jpg,2
1695811425.9534972_HamThuThiem1_D_3_27.jpg,3
1695811426.01631_HamThuThiem1_C_2_27.jpg,2
1695811426.076554_HamThuThiem1_B_1_35.jpg,1
1695811426.1373887_HamThuThiem1_B_1_36.jpg,1
1695811426.1987882_HamThuThiem1_C_2_28.jpg,2
1695811426.2639391_HamThuThiem1_C_2_28.jpg,2
1695811426.3309858_HamThuThiem1_C_2_30.jpg,2
1695811426.3965416_HamThuThiem1_A_0_50.jpg,0
1695811426.5236783_HamThuThiem1_B_1_40.jpg,1
1695811426.584702_HamThuThiem1_C_2_35.jpg,2
1695811426.6462889_HamThuThiem1_C_2_30.jpg,2
1695811426.7097425_HamThuThiem1_B_1_40.jpg,1
1695811426.7809489_HamThuThiem1_C_2_30.jpg,2
1695811426.846627_HamThuThiem1_B_2_27.jpg,1
1695811426.9106293_HamThuThiem1_C_2_30.jpg,2
1695811426.9744887_HamThuThiem1_D_2_26.jpg,3
1695811427.0966043_HamThuThiem1_C_2_30.jpg,2
1695811427.1573536_HamThuThiem1_E_3_30.jpg,4
1695811427.2201822_HamThuThiem1_B_1_33.jpg,1
1695811427.2898226_HamThuThiem1_B_1_35.jpg,1
1695811427.3509939_HamThuThiem1_A_0_40.jpg,0
1695811427.5377207_HamThuThiem1_B_1_35.jpg,1
1695811427.5988348_HamThuThiem1_C_2_30.jpg,2
1695811427.661653_HamThuThiem1_B_1_40.jpg,1
1695811427.724715_HamThuThiem1_B_1_30.jpg,1
1695811427.7893977_HamThuThiem1_A_0_40.jpg,0
1695811427.9219384_HamThuThiem1_A_0_60.jpg,0
1695811427.9851937_HamThuThiem1_A_0_60.jpg,0
1695811428.04703_HamThuThiem1_A_0_60.jpg,0
1695811428.1077688_HamThuThiem1_A_0_60.jpg,0
1695811428.1689873_HamThuThiem1_A_0_60.jpg,0
1695811428.2285788_HamThuThiem1_A_0_55.jpg,0
1695811428.289177_HamThuThiem1_A_0_55.jpg,0
1695811428.3506176_HamThuThiem1_A_0_45.jpg,0
1695811428.4144783_HamThuThiem1_C_2_40.jpg,2
1695811428.477899_HamThuThiem1_B_1_35.jpg,1
1695811428.5395699_HamThuThiem1_B_1_33.jpg,1
1695811428.601963_HamThuThiem1_A_2_33.jpg,0
1695811428.665264_HamThuThiem1_A_0_45.jpg,0
1695811428.726948_HamThuThiem1_A_0_40.jpg,0
1695811428.8619914_HamThuThiem1_B_2_27.jpg,1
1695811428.9236696_HamThuThiem1_B_1_40.jpg,1
1695811428.9895313_HamThuThiem1_A_1_35.jpg,0
1695811429.0556526_HamThuThiem1_B_1_40.jpg,1
1695811429.1181228_HamThuThiem1_A_0_40.jpg,0
1695811429.1799307_HamThuThiem1_A_0_50.jpg,0
1695811429.2420645_HamThuThiem1_A_0_45.jpg,0
1695811429.308168_HamThuThiem1_B_1_45.jpg,1
1695811429.379518_HamThuThiem1_B_2_27.jpg,1
1695811429.442619_HamThuThiem1_A_0_45.jpg,0
1695811429.5059376_HamThuThiem1_C_2_35.jpg,2
1695811429.569531_HamThuThiem1_B_2_35.jpg,1
1695811429.6310506_HamThuThiem1_C_2_35.jpg,2
1695811429.693368_HamThuThiem1_C_2_30.jpg,2
1695811429.7552383_HamThuThiem1_D_3_30.jpg,3
1695811429.9517667_HamThuThiem1_C_2_35.jpg,2
1695811430.0156868_HamThuThiem1_D_3_30.jpg,3
1695811430.139879_HamThuThiem1_D_3_27.jpg,3
1695811430.588003_HamThuThiem1_D_3_30.jpg,3
